Date,Nature,Amount,DebitCredit,Category,SubCategory
01/04/2024,Hairdresser,22,D,Personal Care,Hair
01/04/2024,Savings Livret A,700,D,Investments,Savings
02/04/2024,Beeminder fine,27.98,D,Health and Fitness,Other
02/04/2024,Cigarettes,12.5,D,Cigarettes,Cigarettes
02/04/2024,Fisherman's Friend,2.5,D,Food and Dining,Snack/Fast Food
02/04/2024,Five Guys,20.15,D,Food and Dining,Snack/Fast Food
02/04/2024,Gift mangas for Ulysse,50.02,D,Gifts and Donations,Gifts
02/04/2024,Navigo Apr'24,86.4,D,Travel,Transport Card
03/04/2024,111 Cap wage,4783.99,C,Income,Wages
03/04/2024,Carrefour City groceries,8.18,D,Food and Dining,Groceries
03/04/2024,Deliveroo,17.39,D,Food and Dining,Food Delivery
03/04/2024,Rent Citeaux,1073.02,D,Household and Utilities,Rent/Mortgage payment
04/04/2024,Cigarettes,12.7,D,Cigarettes,Cigarettes
04/04/2024,Financier Kayser,3.5,D,Food and Dining,Snack/Fast Food
04/04/2024,HelloFresh,38.94,D,Food and Dining,Groceries
05/04/2024,Cigarettes,12.5,D,Cigarettes,Cigarettes
05/04/2024,Deliveroo,18.63,D,Food and Dining,Food Delivery
05/04/2024,La Boutique bar with Aurélie,27.9,D,Entertainment,Bars
05/04/2024,MacroFactor subscription,13.99,D,Health and Fitness,Other
06/04/2024,Cigarettes,12.5,D,Cigarettes,Cigarettes
06/04/2024,Les Planques,4.2,D,Entertainment,Bars
06/04/2024,Les Planques,7,D,Entertainment,Bars
06/04/2024,Therapist,60,D,Health and Fitness,Doctor
07/04/2024,Cigarettes,12.5,D,Cigarettes,Cigarettes
07/04/2024,Perigourdine café with Aurélie,10.8,D,Food and Dining,Coffee Shops
08/04/2024,Carrefour City groceries,13.97,D,Food and Dining,Groceries
08/04/2024,Drinks Frop Hop House,13,D,Entertainment,Bars
08/04/2024,HelloFresh,63.6,D,Food and Dining,Groceries
10/04/2024,Medias JA,12,D,Entertainment,Other
11/04/2024,Café Nuances,4.5,D,Food and Dining,Coffee Shops
11/04/2024,McDonald's,17.7,D,Food and Dining,Snack/Fast Food
12/04/2024,Cigarettes,12.5,D,Cigarettes,Cigarettes
12/04/2024,Fisherman's Friend,2.5,D,Food and Dining,Snack/Fast Food
12/04/2024,Monoprix groceries,6.34,D,Food and Dining,Groceries
13/04/2024,Durum,20,D,Food and Dining,Snack/Fast Food
13/04/2024,Franprix picnic buttes-chaumont,19.8,D,Food and Dining,Groceries
13/04/2024,Therapist,60,D,Health and Fitness,Doctor
13/04/2024,Tier bike,9.96,D,Travel,Transport Card
14/04/2024,Cigarettes,12.5,D,Cigarettes,Cigarettes
14/04/2024,Drinks with Aurélie,10,D,Entertainment,Bars
14/04/2024,Flink,28.16,D,Food and Dining,Groceries
14/04/2024,Franprix groceries,6.05,D,Food and Dining,Snack/Fast Food
15/04/2024,Cigarettes,12.5,D,Cigarettes,Cigarettes
16/04/2024,Boulangerie,4.3,D,Food and Dining,Groceries
17/04/2024,Cigarettes,12.5,D,Cigarettes,Cigarettes
17/04/2024,Deliveroo fees,2.48,D,Food and Dining,Office Lunch
10/05/2024,Aurelie settlement,563,C,Income,Other
18/04/2024,Deliveroo,15.84,D,Food and Dining,Food Delivery
18/04/2024,EDF subscription,54,D,Household and Utilities,Electricity/Gas
20/04/2024,Cigarettes,12.5,D,Cigarettes,Cigarettes
20/04/2024,Drinks pop-up du label,11,D,Entertainment,Bars
20/04/2024,Durum,10,D,Food and Dining,Snack/Fast Food
20/04/2024,La table Aligre,10,D,Entertainment,Bars
01/05/2024,Carry-over Apr'24,1400,C,Income,Other
20/04/2024,Therapist,60,D,Health and Fitness,Doctor
22/04/2024,Cigarettes,12.5,D,Cigarettes,Cigarettes
22/04/2024,Deliveroo,2,D,Food and Dining,Office Lunch
22/04/2024,Deliveroo,2.48,D,Food and Dining,Office Lunch
23/04/2024,Cigarettes,12.5,D,Cigarettes,Cigarettes
24/04/2024,Cigarettes,12.5,D,Cigarettes,Cigarettes
24/04/2024,House Insurance with LUKO,140.84,D,Insurance,Home Insurance
24/04/2024,Le Monde Diplomatique,5.4,D,Entertainment,Newspaper
24/04/2024,Snacks Gare du Nord,13,D,Food and Dining,Snack/Fast Food
25/04/2024,HelloFresh,48.94,D,Food and Dining,Groceries
25/04/2024,Lunch Cardinal Place,8.13,D,Food and Dining,Snack/Fast Food
25/04/2024,TFL,3.15,D,Travel,Transport Card
25/04/2024,TFL,3.2,D,Travel,Transport Card
25/04/2024,Uber Glenn's to Samy's,25.6,D,Travel,Taxi
25/04/2024,Uber Isky's to Victoria Place,19.86,D,Travel,Taxi
25/04/2024,Uber Samy's to Isky's,16.86,D,Travel,Taxi
26/04/2024,Coffee + Banana bread WatchHouse,13.5,D,Food and Dining,Coffee Shops
26/04/2024,Coffee WatchHouse,2.92,D,Food and Dining,Coffee Shops
26/04/2024,Post Office PNP T-Shirts,9.33,D,Household and Utilities,Other
26/04/2024,Red by SFR,20.68,D,Household and Utilities,Mobile Phone
01/09/2024,Carry-over Aug'24,186.84,C,Income,Other
26/04/2024,TFL,6.43,D,Travel,Transport Card
27/04/2024,Cigarettes,18.7,D,Cigarettes,Cigarettes
27/04/2024,CO-OP groceries,25.83,D,Food and Dining,Groceries
27/04/2024,Restaurant KUDU ,75.97,D,Food and Dining,Restaurant
27/04/2024,TFL,4.09,D,Travel,Transport Card
28/04/2024,Cigarettes,18.93,D,Cigarettes,Cigarettes
28/04/2024,Restaurant The Garrison Sunday Roast with Joe,105.19,D,Food and Dining,Restaurant
28/04/2024,Snacks on Eurostar,11.29,D,Food and Dining,Snack/Fast Food
28/04/2024,TFL,3.16,D,Travel,Transport Card
29/04/2024,Franprix groceries,7.83,D,Food and Dining,Groceries
29/04/2024,Velib monthly fees,2,D,Travel,Bikesharing
30/04/2024,Cigarettes,12.5,D,Cigarettes,Cigarettes
30/04/2024,PRP Chicheportiche,200,D,Personal Care,Hair
01/05/2024,AMEX - 2024-03-24 - Brother Sister Paris,44.55,D,Food and Dining,Restaurant
01/05/2024,AMEX - 2024-03-30 - Brasserie Martin,55,D,Food and Dining,Restaurant
01/05/2024,AMEX - 2024-04-06 - R2 Training,179,D,Health and Fitness,Gym
01/05/2024,AMEX - 2024-04-11 - Cake Couvreur,46.49,D,Gifts and Donations,Gifts
01/05/2024,AMEX - 2024-04-19 - Bonne Gueule,125,D,Shopping,Clothing
01/05/2024,AMEX - 2024-04-19 - Frog Hop House,13,D,Entertainment,Bars
01/05/2024,AMEX - 2024-04-20 - AMEX subscription,15,D,TaxesFeesCharges,Credit Card Fee
01/05/2024,AMEX - 2024-04-21 - Car rental Madeira,44.28,D,Travel,Car Rental
01/05/2024,AMEX - 2024-04-24 - Airbnb Madeira ,754,D,Entertainment,Holiday
01/05/2024,AMEX - 2024-05-04 - Deliveroo fee,1.98,D,Food and Dining,Food Delivery
01/08/2024,Carry-over Jul'24,210,C,Income,Other
01/05/2024,Deliveroo,14.48,D,Food and Dining,Food Delivery
02/05/2024,111 Cap wage,4807.83,C,Income,Wages
02/05/2024,Cigarettes,12.5,D,Cigarettes,Cigarettes
02/05/2024,Navigo May'24,86.4,D,Travel,Transport Card
02/05/2024,Rent Citeaux,1330,D,Household and Utilities,Rent/Mortgage payment
03/05/2024,Café Nuances,5,D,Food and Dining,Coffee Shops
03/05/2024,Carrefour City groceries,5.27,D,Food and Dining,Groceries
03/05/2024,Cigarettes,12.5,D,Cigarettes,Cigarettes
03/05/2024,Hairdresser,22,D,Personal Care,Hair
03/05/2024,Le Monde Diplomatique,5.4,D,Entertainment,Newspaper
03/05/2024,MacroFactor subscription,13.99,D,Health and Fitness,Other
03/05/2024,Monoprix groceries,5.94,D,Food and Dining,Snack/Fast Food
03/05/2024,Relay snacks Gare du Nord,6,D,Food and Dining,Snack/Fast Food
05/05/2024,AMEX - 2024-05-05 - R2 Training,179,D,Health and Fitness,Gym
05/05/2024,Cigarettes,12.5,D,Cigarettes,Cigarettes
05/05/2024,Coca Sasha Pirates,4,D,Entertainment,Bars
05/05/2024,Deliveroo - Pizza Chez Antoine,29.29,D,Food and Dining,Food Delivery
05/05/2024,La Petite Voile,9,D,Entertainment,Bars
06/05/2024,Cigarettes,12.5,D,Cigarettes,Cigarettes
06/05/2024,Deliveroo fees,2.48,D,Food and Dining,Office Lunch
06/05/2024,Donation Le Monde Diplomatique,100,D,Gifts and Donations,Donations
06/05/2024,Drinks Aux Fourreurs,18.2,D,Entertainment,Bars
06/05/2024,Savings Livret A,1100,D,Investments,Savings
07/05/2024,Franprix groceries,26.91,D,Food and Dining,Groceries
07/05/2024,Water bottle + Financier Kayser,6,D,Food and Dining,Snack/Fast Food
08/05/2024,Café Crème with Aurélie,26.75,D,Food and Dining,Restaurant
08/05/2024,Fondation Henri-Cartier Bresson,16,D,Entertainment,Arts
08/05/2024,Tool skate Amazon,9.99,D,Shopping,Sporting Goods
09/05/2024,Café Nuances,9.5,D,Food and Dining,Snack/Fast Food
09/05/2024,Chipotle,16.55,D,Food and Dining,Office Lunch
09/05/2024,Cigarettes,12.5,D,Cigarettes,Cigarettes
09/05/2024,HelloFresh,48.94,D,Food and Dining,Groceries
01/07/2024,Carry-over Jun'24,600,C,Income,Other
10/05/2024,Cigarettes,12.5,D,Cigarettes,Cigarettes
10/05/2024,Drinks Frog Hop House with Alexandre,13,D,Entertainment,Bars
10/05/2024,Durum,11,D,Food and Dining,Snack/Fast Food
10/05/2024,Proper Cloth shirts,211.84,D,Shopping,Clothing
11/05/2024,Le Drapeau drinks with Aurélie,25.9,D,Entertainment,Bars
11/05/2024,Protein shake Franprix,2.9,D,Food and Dining,Snack/Fast Food
11/05/2024,Therapist,60,D,Health and Fitness,Doctor
12/05/2024,Cigarettes,12.5,D,Cigarettes,Cigarettes
12/05/2024,Deliveroo - McDonald's,23.28,D,Food and Dining,Food Delivery
12/05/2024,Fisherman's Friend,2.5,D,Food and Dining,Snack/Fast Food
13/05/2024,Post Office Letter for Annabel,1.96,D,Household and Utilities,Other
14/05/2024,Cigarettes,12.5,D,Cigarettes,Cigarettes
14/05/2024,Office lunch - WeCantine ,12,D,Food and Dining,Office Lunch
15/05/2024,Auchan groceries,3.05,D,Food and Dining,Groceries
15/05/2024,Carrefour City groceries,4.43,D,Food and Dining,Groceries
15/05/2024,Cigarettes,12.5,D,Cigarettes,Cigarettes
15/05/2024,Drinks with Aurélie,7.5,D,Entertainment,Bars
15/05/2024,Drinks with Aurélie,8.5,D,Entertainment,Bars
15/05/2024,Fisherman's Friend,3.5,D,Food and Dining,Snack/Fast Food
16/05/2024,Deliveroo - McDonald's,19.18,D,Food and Dining,Food Delivery
16/05/2024,Drinks IASD,18,D,Entertainment,Bars
17/05/2024,Bounty snack,1.5,D,Food and Dining,Snack/Fast Food
17/05/2024,Cigarettes,12.5,D,Cigarettes,Cigarettes
17/05/2024,Delaville Café drinks with Aurélie-Arnaud-etc,27.5,D,Entertainment,Bars
18/05/2024,Cigarettes,12.5,D,Cigarettes,Cigarettes
18/05/2024,Cinema tickets with Aurélie - Borderline,18,D,Entertainment,Cinema
18/05/2024,Driving lesson one-hour,57,D,Education,Other
18/05/2024,Protein shake + protein yoghurts Carrefour,5.66,D,Food and Dining,Snack/Fast Food
18/05/2024,Retoucheur pantalon + manteau,50,D,Shopping,Clothing
18/05/2024,Therapist,60,D,Health and Fitness,Doctor
18/05/2024,Water bottle,1.8,D,Food and Dining,Snack/Fast Food
19/05/2024,Café Gaia Vincennes with Aurélie,8,D,Food and Dining,Coffee Shops
19/05/2024,Cigarettes,12.5,D,Cigarettes,Cigarettes
19/05/2024,Les Nautes Drinks,22,D,Entertainment,Bars
20/05/2024,Café Gaia Vincennes with Aurélie,8,D,Food and Dining,Coffee Shops
20/05/2024,Cigarettes,12.5,D,Cigarettes,Cigarettes
21/05/2024,Café de la place - Drinks with Aurélie,11.4,D,Entertainment,Bars
21/05/2024,EDF subscription,54,D,Household and Utilities,Electricity/Gas
21/05/2024,FO subscription,16.64,D,Entertainment,Other
22/05/2024,Baguette,1.25,D,Food and Dining,Groceries
22/05/2024,Café Nuances,5,D,Food and Dining,Coffee Shops
22/05/2024,Cigarettes,12.5,D,Cigarettes,Cigarettes
22/05/2024,Cigarettes,12.5,D,Cigarettes,Cigarettes
22/05/2024,Danone skyr Franprix,2.09,D,Food and Dining,Snack/Fast Food
23/05/2024,HelloFresh,48.84,D,Food and Dining,Groceries
23/05/2024,HiPro yoghurt + HiPro protein shake Franprix,5.5,D,Food and Dining,Snack/Fast Food
23/05/2024,Monoprix groceries,16.31,D,Food and Dining,Groceries
24/05/2024,Beeminder fine,4.68,D,Health and Fitness,Other
24/05/2024,Café Gaia Vincennes with Aurélie,8,D,Food and Dining,Coffee Shops
24/05/2024,Ticket T+,2.15,D,Travel,Transport Card
25/05/2024,Drinks Table d'Aligre with Aurélie,11,D,Entertainment,Bars
25/05/2024,Therapist,60,D,Health and Fitness,Doctor
26/05/2024,Crème Vincennes - Ice cream with Aurélie,10,D,Food and Dining,Snack/Fast Food
26/05/2024,McDonald's,17.05,D,Food and Dining,Snack/Fast Food
27/05/2024,Baguette,1.1,D,Food and Dining,Groceries
27/05/2024,Cigarettes,12.5,D,Cigarettes,Cigarettes
28/05/2024,Auchan breakfast,4.19,D,Food and Dining,Groceries
28/05/2024,Cigarettes,12.5,D,Cigarettes,Cigarettes
28/05/2024,Driving lesson two hours,114,D,Education,Other
28/05/2024,Red by SFR,17.98,D,Household and Utilities,Mobile Phone
29/05/2024,Drinks wine bar with Guillaume,9.9,D,Entertainment,Bars
29/05/2024,Snack Kayser,5.5,D,Food and Dining,Snack/Fast Food
29/05/2024,Velib monthly fees,4,D,Travel,Bikesharing
30/05/2024,Beeminder fine,27.85,D,Health and Fitness,Other
30/05/2024,Cigarettes,12.5,D,Cigarettes,Cigarettes
30/05/2024,Deliveroo fees,1.49,D,Food and Dining,Office Lunch
01/06/2024,111 Cap wage,5453.15,C,Income,Wages
01/06/2024,AMEX - 2024-05-07 - Gornation Amazon,11.9,D,Shopping,Sporting Goods
01/06/2024,AMEX - 2024-05-13 - The Nines,92.1,D,Shopping,Clothing
01/06/2024,AMEX - 2024-05-15 - Vans Amazon,49.9,D,Shopping,Clothing
01/06/2024,AMEX - 2024-05-19 - Swinsuit quicksilver,39.9,D,Shopping,Clothing
01/06/2024,AMEX - 2024-05-20 - AMEX subscription,15,D,TaxesFeesCharges,Credit Card Fee
01/06/2024,AMEX - 2024-05-23 - Nutripure,83.34,D,Food and Dining,Other
01/06/2024,AMEX - 2024-05-25 - Plane tickets Agadir,642,D,Travel,Air Travel
01/06/2024,AMEX - 2024-05-29 - Uber,12.14,D,Travel,Taxi
01/06/2024,AMEX - 2024-05-31 - Booking fee rental Agadir,9.61,D,Travel,Car Rental
01/06/2024,AMEX - 2024-06-01 - Dott ride,13.68,D,Travel,Bikesharing
01/06/2024,AMEX - 2024-06-01 - Uber,21.25,D,Travel,Taxi
01/06/2024,Carry-over May'24,900,C,Income,Other
01/06/2024,Driving lesson two hours,114,D,Education,Other
01/06/2024,MS personal care,200,D,Personal Care,Other
01/06/2024,Navigo Jun'24,86.4,D,Travel,Transport Card
01/06/2024,Restaurant Sino with Florent,35.5,D,Food and Dining,Restaurant
01/06/2024,Savings Livret A,1200,D,Investments,Savings
01/06/2024,Therapist,60,D,Health and Fitness,Doctor
02/06/2024,Beeminder fine,9.34,D,Health and Fitness,Other
02/06/2024,Cigarettes,12.5,D,Cigarettes,Cigarettes
02/06/2024,Kinder Country,1.7,D,Food and Dining,Snack/Fast Food
02/06/2024,Lighter,2.2,D,Shopping,Other
02/06/2024,Pizza Chez Antoine,12.9,D,Food and Dining,Food Delivery
02/06/2024,Ticket RER,3.2,D,Travel,Transport Card
03/06/2024,Cigarettes,12.5,D,Cigarettes,Cigarettes
03/06/2024,Pot Commun Guillaume,20,D,Gifts and Donations,Gifts
03/06/2024,Rent Citeaux,1330,D,Household and Utilities,Rent/Mortgage payment
03/06/2024,Ticket RER,3.2,D,Travel,Transport Card
04/06/2024,Cigarettes,12.5,D,Cigarettes,Cigarettes
04/06/2024,Le Monde Diplomatique,5.4,D,Entertainment,Newspaper
04/06/2024,Ticket T+,2.15,D,Travel,Transport Card
05/06/2024,AMEX - 2024-05-06 - R2 Training,179,D,Health and Fitness,Gym
05/06/2024,Cigarettes,12.5,D,Cigarettes,Cigarettes
05/06/2024,Cocktail Grand Hotel Amour,14,D,Entertainment,Bars
05/06/2024,MacroFactor subscription,13.99,D,Health and Fitness,Other
05/06/2024,Pint leaving drinks Guillaume,5,D,Entertainment,Bars
06/06/2024,AMEX - 2024-06-06 - Uber to Vincennes,27.78,D,Travel,Taxi
07/06/2024,Cigarettes,12.5,D,Cigarettes,Cigarettes
08/06/2024,Café Port-Royal,2.2,D,Food and Dining,Coffee Shops
08/06/2024,Pastries Vincennes,3.1,D,Food and Dining,Snack/Fast Food
08/06/2024,Therapist,60,D,Health and Fitness,Doctor
12/06/2024,Dinner Funchal - BFB - 2024-06-17,51.8,D,Entertainment,Holiday
12/06/2024,Snacks CDG airport,5.8,D,Food and Dining,Snack/Fast Food
12/06/2024,Wine night out Funchal,15,D,Entertainment,Holiday
13/06/2024,Botanical garden Funchal - BFB - 2024-06-14,30,D,Entertainment,Holiday
13/06/2024,Burger Funchal - BFB - 2024-06-14,28.6,D,Entertainment,Holiday
13/06/2024,Funiculaire Funchal - BFB - 2024-06-14,25,D,Entertainment,Holiday
13/06/2024,Taxi Jardim Tropical Funcahl,20,D,Entertainment,Holiday
14/06/2024,Dinner Sao Cristovao - BFB - 2024-06-17,43.2,D,Entertainment,Holiday
14/06/2024,Taxi Pico Ruivo to Pico Ariero,40,D,Entertainment,Holiday
15/06/2024,Surf Madeira,110,D,Entertainment,Holiday
16/06/2024,Lunch O Farol Ponta Do Pargo - BFB - 2024-06-17,33,D,Entertainment,Holiday
18/06/2024,Diesel - BFB - 2024-06-19,35,D,Entertainment,Holiday
18/06/2024,Dinner Sao Vicente - BFB - 2024-06-19,53.6,D,Entertainment,Holiday
19/06/2024,Car wash Funchal,9.5,D,Entertainment,Holiday
19/06/2024,EDF bill reconciliation,2.31,D,Household and Utilities,Electricity/Gas
19/06/2024,Pizza Madeira Airport - BFB - 2024-06-20,3.7,D,Entertainment,Holiday
19/06/2024,Sweets Madeira Airport - BFB - 2024-06-20,3.95,D,Entertainment,Holiday
19/06/2024,Taxi CDG to Vincennes,56,D,Entertainment,Holiday
19/06/2024,Various unaccounted cash expenses,20,D,Entertainment,Holiday
20/06/2024,Cigarettes,12.5,D,Cigarettes,Cigarettes
20/06/2024,Driving lesson two hours,114,D,Education,Other
20/06/2024,Hairdresser,22,D,Personal Care,Hair
21/06/2024,Drinks fête de la musique,7,D,Entertainment,Bars
21/06/2024,Kayser,3.5,D,Food and Dining,Snack/Fast Food
21/06/2024,McDonald's,19.59,D,Food and Dining,Food Delivery
22/06/2024,Drinks Paul's birthday,10,D,Entertainment,Bars
22/06/2024,Durum,9,D,Food and Dining,Snack/Fast Food
22/06/2024,Pastry after therapist,2,D,Food and Dining,Snack/Fast Food
22/06/2024,Therapist,60,D,Health and Fitness,Doctor
23/06/2024,Beeminder fine,28.15,D,Health and Fitness,Other
23/06/2024,Coca Vincennes with Aurelie,9.6,D,Entertainment,Bars
23/06/2024,Google One account for Mom,20,D,Gifts and Donations,Gifts
24/06/2024,Drinks Frop Hop House with Alex/Symeon,19.5,D,Entertainment,Bars
24/06/2024,Drinks with Michael,31.9,D,Entertainment,Bars
24/06/2024,HelloFresh,48.94,D,Food and Dining,Groceries
24/06/2024,Tickets T+,4.3,D,Travel,Transport Card
25/06/2024,Euromillions,5,D,Entertainment,Other
26/06/2024,Cigarettes,12.5,D,Cigarettes,Cigarettes
26/06/2024,Drinks Vincennes,9,D,Entertainment,Bars
26/06/2024,Red by SFR,17.98,D,Household and Utilities,Mobile Phone
27/06/2024,Drinks with Aurélie,19,D,Entertainment,Bars
28/06/2024,Beeminder fine,9.48,D,Health and Fitness,Other
28/06/2024,Breakfast Franprix,4.5,D,Food and Dining,Snack/Fast Food
28/06/2024,Café Nuances,4.5,D,Food and Dining,Coffee Shops
28/06/2024,Cigarettes,12.5,D,Cigarettes,Cigarettes
28/06/2024,Fisherman's Friend,2,D,Food and Dining,Snack/Fast Food
29/06/2024,Carrefour City groceries,8.96,D,Food and Dining,Groceries
29/06/2024,Cigarettes,12.5,D,Cigarettes,Cigarettes
30/06/2024,Snack airport Relay,4.6,D,Food and Dining,Snack/Fast Food
30/06/2024,Snack Paul airport,4.45,D,Food and Dining,Snack/Fast Food
01/07/2024,111 Cap wage,5371.44,C,Income,Wages
01/07/2024,AMEX - 2024-06-09 - Lunch jardin d'acclimatation,32.1,D,Food and Dining,Snack/Fast Food
01/07/2024,AMEX - 2024-06-12 - Drinks on Madeira plane,10.1,D,Food and Dining,Snack/Fast Food
01/07/2024,AMEX - 2024-06-14 - Madeira car rental,577.01,D,Travel,Car Rental
01/07/2024,AMEX - 2024-06-17 - Savoy resort Madeira,55,D,Entertainment,Holiday
01/07/2024,AMEX - 2024-06-20 - AMEX subscription,15,D,TaxesFeesCharges,Credit Card Fee
01/07/2024,AMEX - 2024-06-29 - Deliveroo Cake Justine,42.69,D,Gifts and Donations,Gifts
01/07/2024,AMEX - 2024-06-30 - Car rental Agadir,166.77,D,Travel,Car Rental
01/07/2024,AMEX - 2024-06-30 - Hyatt Regency,617.45,D,Entertainment,Holiday
01/07/2024,AMEX - 2024-06-30 - Hyatt Regency expenses,127.46,D,Entertainment,Holiday
01/07/2024,AMEX - 2024-06-30 - Snack Agadir flight,2.9,D,Food and Dining,Snack/Fast Food
01/07/2024,AMEX - 2024-06-30 - Uber to Orly airport,39.65,D,Travel,Taxi
20/04/2024,Sale Ikea bedside table,30,C,Income,Other
01/07/2024,Rent Citeaux,1330,D,Household and Utilities,Rent/Mortgage payment
01/07/2024,Savings Livret A,1000,D,Investments,Savings
03/07/2024,Gas Agadir,36.83,D,Entertainment,Holiday
04/07/2024,HelloFresh,48.94,D,Food and Dining,Groceries
05/07/2024,AMEX - 2024-07-05 - R2 Training,179,D,Health and Fitness,Gym
05/07/2024,MacroFactor subscription,13.99,D,Health and Fitness,Other
05/07/2024,Navigo Jul'24,86.4,D,Travel,Transport Card
07/07/2024,Breakfast Agadir airport,11,D,Food and Dining,Snack/Fast Food
07/07/2024,Duty-free cigarettes,36,D,Cigarettes,Cigarettes
07/07/2024,In-flight café Agadir->Paris,2.9,D,Food and Dining,Snack/Fast Food
07/07/2024,Pizza Chez Antoine,21,D,Food and Dining,Restaurant
07/07/2024,Snack Agadir airport,4,D,Food and Dining,Snack/Fast Food
08/07/2024,Cigarettes,12.5,D,Cigarettes,Cigarettes
08/07/2024,Drinks with Aurélie,13.5,D,Entertainment,Bars
09/07/2024,Cigarettes,12.5,D,Cigarettes,Cigarettes
09/07/2024,Fisherman's Friend,2,D,Food and Dining,Snack/Fast Food
09/07/2024,McDonald's,21.79,D,Food and Dining,Snack/Fast Food
10/07/2024,Office lunch - Onigiri,9,D,Food and Dining,Office Lunch
11/07/2024,Beeminder fine,27.78,D,Health and Fitness,Other
11/07/2024,Boulangerie,1.65,D,Food and Dining,Snack/Fast Food
11/07/2024,HelloFresh,46.99,D,Food and Dining,Groceries
12/07/2024,Cigarettes,12.5,D,Cigarettes,Cigarettes
13/07/2024,Crêperie Gigi,46,D,Food and Dining,Restaurant
13/07/2024,Durum,9,D,Food and Dining,Snack/Fast Food
13/07/2024,Settle balance witk Iskander holiday,44.26,D,Entertainment,Holiday
13/07/2024,Therapist,60,D,Health and Fitness,Doctor
14/07/2024,Beeminder fine,18.6,D,Health and Fitness,Other
14/07/2024,Drinks with Arnaud ,19,D,Entertainment,Bars
14/07/2024,Pizza Chez Antoine,11.5,D,Food and Dining,Snack/Fast Food
14/07/2024,Tool skate Leroy-Merlin,2.9,D,Shopping,Sporting Goods
15/07/2024,Carrefour City groceries,18.09,D,Food and Dining,Groceries
15/07/2024,Drinks with Aurélie,7.5,D,Entertainment,Bars
15/07/2024,Velib monthly fees,2,D,Travel,Bikesharing
16/07/2024,Cigarettes,12.5,D,Cigarettes,Cigarettes
16/07/2024,Financier Kayser,3.6,D,Food and Dining,Snack/Fast Food
18/07/2024,Cigarettes,12.5,D,Cigarettes,Cigarettes
18/07/2024,Dinner with Henri & Florent,60,D,Food and Dining,Restaurant
18/07/2024,EDF subscription,75.18,D,Household and Utilities,Electricity/Gas
18/07/2024,Franprix breakfast,4.5,D,Food and Dining,Groceries
18/07/2024,MS personal care,200,D,Personal Care,Other
19/07/2024,Cigarettes,12.5,D,Cigarettes,Cigarettes
19/07/2024,Drinks Frog Hop House with Alexandre,13,D,Entertainment,Bars
20/07/2024,Bakery Vincennes,7.5,D,Food and Dining,Groceries
20/07/2024,Therapist,60,D,Health and Fitness,Doctor
21/07/2024,Brioche,3.8,D,Food and Dining,Groceries
21/07/2024,Flowers for Aurélie,40,D,Gifts and Donations,Gifts
21/07/2024,Ice Cream Monoprix,16.99,D,Food and Dining,Groceries
21/07/2024,Raspberries,2.5,D,Food and Dining,Groceries
22/07/2024,Cat litter for Aurélie,11.1,D,Gifts and Donations,Other
22/07/2024,Pizza,11.5,D,Food and Dining,Snack/Fast Food
23/07/2024,Deliveroo - McDonald's,17.05,D,Food and Dining,Food Delivery
23/07/2024,Sprite office drinks,4.5,D,Entertainment,Bars
24/07/2024,Boulangerie,2.95,D,Food and Dining,Snack/Fast Food
24/07/2024,Lunch with Amélie,6.2,D,Food and Dining,Snack/Fast Food
25/07/2024,Carrefour City groceries,9.42,D,Food and Dining,Groceries
25/07/2024,Cigarettes,12.5,D,Cigarettes,Cigarettes
25/07/2024,Pharmacy Doliprane Opéra,4.36,D,Health and Fitness,Pharmacy
25/07/2024,Pharmacy Doliprane Vincennes,4.56,D,Health and Fitness,Pharmacy
26/07/2024,Boulangerie,1.65,D,Food and Dining,Snack/Fast Food
26/07/2024,Cigarettes,12.5,D,Cigarettes,Cigarettes
26/07/2024,HelloFresh,61.75,D,Food and Dining,Groceries
26/07/2024,Red by SFR,18.2,D,Household and Utilities,Mobile Phone
26/07/2024,Relay snacks Gare du Nord,6.1,D,Food and Dining,Snack/Fast Food
27/07/2024,Café La Petite Voile Touquet,6,D,Food and Dining,Coffee Shops
27/07/2024,Mignardises Touquet,6,D,Food and Dining,Snack/Fast Food
28/07/2024,Café La Petite Voile Touquet,2.5,D,Food and Dining,Coffee Shops
28/07/2024,Café La Petite Voile Touquet,10,D,Food and Dining,Coffee Shops
28/07/2024,Chat Bleu Touquet,16.8,D,Gifts and Donations,Gifts
28/07/2024,Cigarettes,12.5,D,Cigarettes,Cigarettes
29/07/2024,Cigarettes,12.5,D,Cigarettes,Cigarettes
29/07/2024,Drinks with Aurélie,12,D,Entertainment,Bars
29/07/2024,Hairdresser,22,D,Personal Care,Hair
29/07/2024,Office lunch - Ilia,14.8,D,Food and Dining,Office Lunch
31/07/2024,Baguette,1.3,D,Food and Dining,Groceries
31/07/2024,Boulangerie,1.3,D,Food and Dining,Snack/Fast Food
31/07/2024,Cigarettes,12.5,D,Cigarettes,Cigarettes
31/07/2024,Fisherman's Friend,2,D,Food and Dining,Snack/Fast Food
01/08/2024,111 Cap wage,4783.99,C,Income,Wages
01/08/2024,AMEX - 2024-07-08 - Uber,14.51,D,Travel,Taxi
01/08/2024,AMEX - 2024-07-11 - Sandqvist,158,D,Shopping,Other
01/08/2024,AMEX - 2024-07-12 - Bonne Gueule,70,D,Shopping,Clothing
01/08/2024,AMEX - 2024-07-16 - Casio Watch,32.31,D,Shopping,Other
01/08/2024,AMEX - 2024-07-17 - Dott ride,12.03,D,Travel,Bikesharing
01/08/2024,AMEX - 2024-07-17 - North Face,40,D,Shopping,Other
01/08/2024,AMEX - 2024-07-18 - Amazon Ariel Pods,25.08,D,Household and Utilities,Home maintenance and repair
01/08/2024,AMEX - 2024-07-20 - AMEX subscription,15,D,TaxesFeesCharges,Credit Card Fee
01/08/2024,AMEX - 2024-07-20 - Rains Wash Bag,27,D,Shopping,Other
01/08/2024,AMEX - 2024-07-21 - Bonne Gueule,305,D,Shopping,Clothing
01/08/2024,AMEX - 2024-07-24 - Train Brest,216,D,Travel,Train
01/08/2024,AMEX - 2024-07-25 - Vestiaire Collective,106.9,D,Shopping,Clothing
01/08/2024,AMEX - 2024-07-29 - Car Rental Brest,125.99,D,Travel,Car Rental
01/08/2024,AMEX - 2024-07-30 - J&J Dry Rack,74.9,D,Household and Utilities,Furniture
01/08/2024,AMEX - 2024-07-31 - Rituals,35.8,D,Gifts and Donations,Gifts
01/08/2024,AMEX - 2024-07-31 - Uniqlo,64.7,D,Shopping,Clothing
27/08/2024,Sale Ikea desk,90,C,Income,Other
01/08/2024,Cigarettes,12.5,D,Cigarettes,Cigarettes
01/08/2024,Finasteride/Shampoo Monsieur Cheveux,396,D,Personal Care,Hair
01/08/2024,Navigo Aug'24,86.4,D,Travel,Transport Card
01/08/2024,Savings Livret A,250,D,Investments,Savings
01/08/2024,Tickets JO Basket 3x3,243.6,D,Entertainment,Sports events
02/08/2024,AMEX - 2024-08-02 - Fullkit Skateshop,36.7,D,Shopping,Sporting Goods
02/08/2024,Deliveroo fees,1.54,D,Food and Dining,Office Lunch
02/08/2024,Drinks with Aurélie,47.5,D,Entertainment,Bars
02/08/2024,Rent Citeaux,1330,D,Household and Utilities,Rent/Mortgage payment
03/08/2024,AMEX - 2024-08-03 - Monoprix Vincennes,5.38,D,Food and Dining,Groceries
03/08/2024,Cigarettes,12.5,D,Cigarettes,Cigarettes
03/08/2024,Coca Stade de France,5,D,Food and Dining,Snack/Fast Food
04/08/2024,AMEX - 2024-08-04 - Photobook Agadir,52.25,D,Gifts and Donations,Gifts
04/08/2024,Café with Arnaud,9.9,D,Food and Dining,Coffee Shops
04/08/2024,Cigarettes,12.5,D,Cigarettes,Cigarettes
05/08/2024,AMEX - 2025-05-08 - R2 Training,179,D,Health and Fitness,Gym
05/08/2024,Cigarettes,12.5,D,Cigarettes,Cigarettes
05/08/2024,MacroFactor subscription,13.99,D,Health and Fitness,Other
05/08/2024,Snack Volleyball olympics,9,D,Food and Dining,Snack/Fast Food
05/08/2024,Snacks Badminton olympics,15,D,Food and Dining,Snack/Fast Food
06/08/2024,Deliveroo - Pizza Chez Antoine,11.29,D,Food and Dining,Food Delivery
06/08/2024,Deliveroo fees,1.88,D,Food and Dining,Office Lunch
07/08/2024,Cigarettes,12.5,D,Cigarettes,Cigarettes
08/08/2024,Cigarettes,12.5,D,Cigarettes,Cigarettes
08/08/2024,Deliveroo fees,1.58,D,Food and Dining,Office Lunch
17/04/2024,Sale Ikea shelves,35,C,Income,Other
09/08/2024,Cigarettes,12.5,D,Cigarettes,Cigarettes
09/08/2024,Crêpes Fanzone Vincennes,8,D,Food and Dining,Snack/Fast Food
09/08/2024,Drinks Fanzone Vincennes,10,D,Entertainment,Bars
09/08/2024,Drinks Frog Hop House with Symeon,11,D,Entertainment,Bars
09/08/2024,Restaurant St Honoré with Chad Sasko,13.5,D,Food and Dining,Restaurant
10/08/2024,Drinks Bercy Basketball Final with Isky,11,D,Entertainment,Bars
10/08/2024,Drinks Table d'Aligre Isky,25.5,D,Entertainment,Bars
10/08/2024,Durum with Isky,20,D,Food and Dining,Snack/Fast Food
10/08/2024,Sandwich Vincennes,16.8,D,Food and Dining,Snack/Fast Food
11/08/2024,Cigarettes,12.5,D,Cigarettes,Cigarettes
11/08/2024,Franprix groceries,21.63,D,Food and Dining,Groceries
12/08/2024,Beeminder fine,9.19,D,Health and Fitness,Other
12/08/2024,Cigarettes,12.5,D,Cigarettes,Cigarettes
12/08/2024,Deliveroo fees,1.54,D,Food and Dining,Office Lunch
12/08/2024,Deliveroo tip,1,D,Food and Dining,Office Lunch
12/08/2024,Fisherman's Friend,2.5,D,Food and Dining,Snack/Fast Food
13/08/2024,Cigarettes,12.5,D,Cigarettes,Cigarettes
14/08/2024,Cigarettes,12.5,D,Cigarettes,Cigarettes
14/08/2024,EDF subscription,75.19,D,Household and Utilities,Electricity/Gas
16/08/2024,Cigarettes,12.5,D,Cigarettes,Cigarettes
16/08/2024,Drinks Le Marcel Touquet,13.5,D,Entertainment,Bars
17/08/2024,Café Ibis Touquet,8.7,D,Food and Dining,Coffee Shops
17/08/2024,Café La Petite Voile Touquet,7.5,D,Food and Dining,Coffee Shops
17/08/2024,Cigarettes,12.5,D,Cigarettes,Cigarettes
17/08/2024,Gaufre Touquet,8.5,D,Food and Dining,Snack/Fast Food
18/08/2024,Café Jojos Dough Touquet,7.4,D,Food and Dining,Coffee Shops
18/08/2024,Cigarettes,12.5,D,Cigarettes,Cigarettes
18/08/2024,Drinks Le Marcel Touquet,27.5,D,Entertainment,Bars
19/08/2024,Baguette,1.3,D,Food and Dining,Groceries
19/08/2024,Carrefour City groceries,13.24,D,Food and Dining,Groceries
20/08/2024,Cigarettes,12.5,D,Cigarettes,Cigarettes
21/08/2024,Cigarettes,12.5,D,Cigarettes,Cigarettes
22/08/2024,Café Montparnasse,7.6,D,Entertainment,Holiday
22/08/2024,Crêpes Brest,38.9,D,Entertainment,Holiday
22/08/2024,Relay Montparnasse,7.6,D,Entertainment,Holiday
22/08/2024,Restaurant Relais du Vieux Port Le Conquet,56,D,Entertainment,Holiday
22/08/2024,Snack Train Brest,5.8,D,Entertainment,Holiday
22/08/2024,Uber Montparnasse,12.17,D,Entertainment,Holiday
26/04/2024,Sale PNP T-Shirts,50.28,C,Income,Other
28/10/2024,Transfer from savings,100,C,Income,Other
23/08/2024,Café Ouessant,7.5,D,Entertainment,Holiday
23/08/2024,Crêperie Le Conquet Louise de Bretagne,49.6,D,Entertainment,Holiday
23/08/2024,Location vélo Ouessant,40,D,Entertainment,Holiday
23/08/2024,SPAR groceries,9.55,D,Entertainment,Holiday
23/08/2024,Van Lampaul Ouessant,5,D,Entertainment,Holiday
24/08/2024,Café Crozon,4,D,Entertainment,Holiday
24/08/2024,Cigarettes,12.5,D,Cigarettes,Cigarettes
24/08/2024,Dinner Crozon,38.3,D,Entertainment,Holiday
24/08/2024,Exposition Cartier Bresson,10,D,Entertainment,Holiday
24/08/2024,Postcards Cartier Bresson,5.5,D,Gifts and Donations,Gifts
25/08/2024,Aspirateur voiture,1,D,Entertainment,Holiday
25/08/2024,Car fuel Brest,31.36,D,Entertainment,Holiday
25/08/2024,McDonald's Brest,24.8,D,Entertainment,Holiday
25/08/2024,McDonald's Brest - Sunday,3.2,D,Food and Dining,Snack/Fast Food
25/08/2024,Relay Brest,5.4,D,Entertainment,Holiday
25/08/2024,Snack Train Brest -> Paris,11,D,Food and Dining,Snack/Fast Food
25/08/2024,Surf Crozon,55,D,Entertainment,Holiday
26/08/2024,Boulangerie,1.3,D,Food and Dining,Snack/Fast Food
26/08/2024,Cigarettes,12.5,D,Cigarettes,Cigarettes
26/08/2024,Red by SFR,18.79,D,Household and Utilities,Mobile Phone
27/08/2024,Cigarettes,12.5,D,Cigarettes,Cigarettes
27/08/2024,Cigarettes,12.5,D,Cigarettes,Cigarettes
27/08/2024,Hair surgeon appointment,100,D,Health and Fitness,Doctor
27/08/2024,Minoxidil,15.55,D,Health and Fitness,Pharmacy
19/09/2024,Vinted sales,93.25,C,Income,Other
27/08/2024,Velib subscription + monthly fees,45.2,D,Travel,Bikesharing
28/08/2024,Café Gaia Vincennes with Aurélie,8.5,D,Food and Dining,Coffee Shops
28/08/2024,Charity,1,D,Gifts and Donations,Donations
28/08/2024,Charity,2,D,Gifts and Donations,Donations
29/08/2024,Physical therapy,130,D,Personal Care,Other
30/08/2024,Cigarettes,12.5,D,Cigarettes,Cigarettes
30/08/2024,Durum with Aurélie,19,D,Food and Dining,Snack/Fast Food
30/08/2024,Livre,22.5,D,Entertainment,Books
31/08/2024,Carry-over Aug'24,186.84,D,Investments,Reserve Funds
31/08/2024,Cinéma MK2 with Aurélie Trap,36.55,D,Entertainment,Cinema
31/08/2024,Cobbler soles for loafers,25,D,Shopping,Other
31/08/2024,Unaccounted expenses,294.26,D,Other,Other
01/09/2024,111 Cap wage,4783.99,C,Income,Wages
01/09/2024,AMEX - 2024-08-06 - Penn Arr ferry,79.6,D,Entertainment,Holiday
01/09/2024,AMEX - 2024-08-07 - Deliveroo,11.29,D,Food and Dining,Food Delivery
01/09/2024,AMEX - 2024-08-08 - Horace,95,D,Health and Fitness,Pharmacy
01/09/2024,AMEX - 2024-08-08 - Vol Transavia Valence,361,D,Loans,Other
01/09/2024,AMEX - 2024-08-09 - Nutripure,59.63,D,Health and Fitness,Pharmacy
01/09/2024,AMEX - 2024-08-12 - Deliveroo,1,D,Food and Dining,Food Delivery
01/09/2024,AMEX - 2024-08-20 - AMEX subscription,15,D,TaxesFeesCharges,Credit Card Fee
01/09/2024,AMEX - 2024-08-24 - Hôtel Sainte Barbe,846.6,D,Entertainment,Holiday
01/09/2024,AMEX - 2024-08-25 - Logis Hôtel Vent d'Iroise,119.69,D,Entertainment,Holiday
01/09/2024,AMEX - 2024-08-30 - Refund Bonne Gueule,305,C,Income,Refund
01/09/2024,AMEX - 2024-08-31 - Dott ride,9.24,D,Travel,Bikesharing
29/10/2024,Vinted sales,50,C,Income,Other
01/09/2024,Cigarettes,12.5,D,Cigarettes,Cigarettes
01/09/2024,Navigo Sep'24,86.4,D,Travel,Transport Card
01/09/2024,Savings Livret A,500,D,Investments,Savings
02/09/2024,Boulangerie,1.4,D,Food and Dining,Snack/Fast Food
02/09/2024,Cigarettes,12.5,D,Cigarettes,Cigarettes
02/09/2024,Hairdresser,22,D,Personal Care,Hair
02/09/2024,Monoprix groceries,8.67,D,Food and Dining,Groceries
03/09/2024,AMEX - 2023-03-09 - Bones speed cream skate,13.9,D,Shopping,Sporting Goods
03/09/2024,Cigarettes,12.5,D,Cigarettes,Cigarettes
03/09/2024,Leroy-Merlin skate stuff + misc,19.5,D,Household and Utilities,Home maintenance and repair
03/09/2024,Pain au chocolat,1.4,D,Food and Dining,Snack/Fast Food
03/09/2024,Rent Citeaux,1330,D,Household and Utilities,Rent/Mortgage payment
04/09/2024,AMEX - 2023-04-09 - R2 Training,179,D,Health and Fitness,Gym
04/09/2024,Café post O.R.L,4.8,D,Food and Dining,Coffee Shops
04/09/2024,Cigarettes,12.5,D,Cigarettes,Cigarettes
04/09/2024,Drinks Vincennes with Aurélie,19.2,D,Entertainment,Bars
04/09/2024,Fisherman's Friend,2.2,D,Food and Dining,Snack/Fast Food
05/09/2024,Drinks with Aurélie,11,D,Entertainment,Bars
05/09/2024,Intermarché groceries,15.72,D,Food and Dining,Groceries
05/09/2024,MacroFactor subscription,13.99,D,Health and Fitness,Other
06/09/2024,Cigarettes,12.5,D,Cigarettes,Cigarettes
07/09/2024,Baguette,1.3,D,Food and Dining,Groceries
07/09/2024,Café,1.4,D,Food and Dining,Coffee Shops
07/09/2024,Café Gaia Vincennes with Aurélie,12.5,D,Food and Dining,Coffee Shops
07/09/2024,Cigarettes,12.5,D,Cigarettes,Cigarettes
07/09/2024,Franprix groceries,8.71,D,Food and Dining,Groceries
07/09/2024,Fromagerie Aligre au coeur du marché,7.9,D,Food and Dining,Groceries
07/09/2024,Sweets,1.69,D,Food and Dining,Snack/Fast Food
07/09/2024,Therapist,60,D,Health and Fitness,Doctor
08/09/2024,Cigarettes,12.5,D,Cigarettes,Cigarettes
09/09/2024,Cigarettes,12.5,D,Cigarettes,Cigarettes
10/09/2024,Cigarettes,12.5,D,Cigarettes,Cigarettes
10/09/2024,Gift Chiheb,20,D,Gifts and Donations,Gifts
10/09/2024,Timbre procuration Algérie,5,D,TaxesFeesCharges,Other
11/09/2024,Lunch,13.5,D,Food and Dining,Office Lunch
12/09/2024,Cigarettes,12.5,D,Cigarettes,Cigarettes
12/09/2024,Pain au chocolat,1.4,D,Food and Dining,Snack/Fast Food
12/09/2024,Ticket RER,3.2,D,Travel,Transport Card
12/09/2024,Ticket RER,3.2,D,Travel,Transport Card
13/09/2024,Carrefour City groceries,19.87,D,Food and Dining,Groceries
13/09/2024,HelloFresh,48.94,D,Food and Dining,Groceries
14/09/2024,Drinks Barracuda with Aurélie,10,D,Entertainment,Bars
14/09/2024,Nutella pancake,4,D,Food and Dining,Snack/Fast Food
14/09/2024,Picard,13,D,Food and Dining,Groceries
14/09/2024,Therapist,60,D,Health and Fitness,Doctor
14/09/2024,Trousers tailoring,10,D,Shopping,Clothing
15/09/2024,Cigarettes,12.5,D,Cigarettes,Cigarettes
16/09/2024,Velib monthly fees,2,D,Travel,Bikesharing
17/09/2024,Cigarettes,12.5,D,Cigarettes,Cigarettes
17/09/2024,Pain au chocolat,1.3,D,Food and Dining,Snack/Fast Food
17/09/2024,Restaurant with Florent,57.95,D,Food and Dining,Restaurant
17/09/2024,Timbre procuration Algérie,5,D,TaxesFeesCharges,Other
18/09/2024,Cigarettes,12.5,D,Cigarettes,Cigarettes
18/09/2024,Deliveroo fees,1.69,D,Food and Dining,Office Lunch
18/09/2024,EDF subscription,75.19,D,Household and Utilities,Electricity/Gas
18/09/2024,Pain au chocolat,1.3,D,Food and Dining,Snack/Fast Food
19/09/2024,Cash transfer mom for house maintenance,10,D,Household and Utilities,Home maintenance and repair
19/09/2024,Cigarettes,12.5,D,Cigarettes,Cigarettes
19/09/2024,Viennoise chocolat,1.1,D,Food and Dining,Snack/Fast Food
14/11/2024,Vinted sales,45,C,Income,Other
20/09/2024,Cigarettes,12.5,D,Cigarettes,Cigarettes
20/09/2024,Eye solution,9.9,D,Health and Fitness,Pharmacy
21/09/2024,Boulangerie,4,D,Food and Dining,Snack/Fast Food
21/09/2024,Cigarettes,12.5,D,Cigarettes,Cigarettes
21/09/2024,Fisherman's Friend,2.5,D,Food and Dining,Snack/Fast Food
21/09/2024,Therapist,60,D,Health and Fitness,Doctor
23/09/2024,Cigarettes,12.5,D,Cigarettes,Cigarettes
23/09/2024,Deliveroo fees,2.49,D,Food and Dining,Office Lunch
24/09/2024,Carrefour City groceries,11.96,D,Food and Dining,Groceries
25/09/2024,Beeminder fine,4.49,D,Health and Fitness,Other
25/09/2024,Cigarettes,12.5,D,Cigarettes,Cigarettes
25/09/2024,Deliveroo fees,1,D,Food and Dining,Office Lunch
26/09/2024,Drinks IASD,17,D,Entertainment,Bars
26/09/2024,McDonald's,5.2,D,Food and Dining,Snack/Fast Food
26/09/2024,Red by SFR,17.98,D,Household and Utilities,Mobile Phone
26/09/2024,Tax residual 2023,236,D,TaxesFeesCharges,Other
27/09/2024,Cigarettes,12.5,D,Cigarettes,Cigarettes
27/09/2024,Drapeau Noir,166.25,D,Shopping,Clothing
27/09/2024,Intermarché groceries,22.67,D,Food and Dining,Groceries
28/09/2024,Beeminder fine,4.54,D,Health and Fitness,Other
28/09/2024,Bluebird cocktail bar,27.5,D,Entertainment,Bars
28/09/2024,Café Casa Rue de Charenton,10,D,Food and Dining,Coffee Shops
28/09/2024,Cigarettes,12.5,D,Cigarettes,Cigarettes
28/09/2024,Deliveroo - Gourou ,21.37,D,Food and Dining,Food Delivery
28/09/2024,Festival America,25,D,Entertainment,Books
28/09/2024,Therapist,60,D,Health and Fitness,Doctor
29/09/2024,Deliveroo - Pizza Chez Antoine,28.29,D,Food and Dining,Food Delivery
29/09/2024,Drinks Le Drapeau Vincennes,25.5,D,Entertainment,Bars
30/09/2024,Beeminder fine,9.01,D,Health and Fitness,Other
30/09/2024,Cigarettes,12.7,D,Cigarettes,Cigarettes
30/09/2024,Drinks Frop Hop House with Alex/Nicolas,17,D,Entertainment,Bars
30/09/2024,Unaccounted expenses,28.36,D,Other,Other
01/10/2024,111 Cap wage,4752.65,C,Income,Wages
01/10/2024,AMEX - 2024-09-07 - Dott ride,3.56,D,Travel,Bikesharing
01/10/2024,AMEX - 2024-09-07 - Nous 4 Restaurant,104,D,Food and Dining,Restaurant
01/10/2024,AMEX - 2024-09-11 - Wax skate decathlon,4,D,Shopping,Sporting Goods
01/10/2024,AMEX - 2024-09-15 - Deliveroo,30.99,D,Food and Dining,Food Delivery
01/10/2024,AMEX - 2024-09-20 - AMEX subscription,15,D,TaxesFeesCharges,Credit Card Fee
01/10/2024,AMEX - 2024-09-21 - Empire Brasserie (+Aurélie),70,D,Food and Dining,Restaurant
01/10/2024,AMEX - 2024-09-21 - Gaia café Vincennes,8,D,Food and Dining,Coffee Shops
01/10/2024,AMEX - 2024-09-21 - La Belle Équipe avec Arnaud,21.5,D,Entertainment,Bars
01/10/2024,AMEX - 2024-09-22 - Kaweco pencil,39.95,D,Shopping,Other
01/10/2024,AMEX - 2024-09-22 - Moth stuff,49.03,D,Household and Utilities,Home maintenance and repair
01/10/2024,AMEX - 2024-09-25 - Monoprix Vincennes,15.45,D,Food and Dining,Groceries
01/10/2024,AMEX - 2024-09-25 - Scavini pants,100.85,D,Shopping,Clothing
01/10/2024,Intermarché groceries,14.97,D,Food and Dining,Groceries
01/10/2024,Navigo Oct'24,87.08,D,Travel,Transport Card
01/10/2024,Proton VPN,9.99,D,Household and Utilities,Internet
01/10/2024,Push & Pull sports clothes,139.76,D,Shopping,Sporting Goods
01/10/2024,Rent Citeaux,1330,D,Household and Utilities,Rent/Mortgage payment
02/10/2024,Cigarettes,12.5,D,Cigarettes,Cigarettes
02/10/2024,Deliveroo fees,2.05,D,Food and Dining,Office Lunch
02/10/2024,Investments BourseDirect,770,D,Investments,Investments
03/10/2024,Cigarettes,12.5,D,Cigarettes,Cigarettes
03/10/2024,Restaurant with Alexandra,30,D,Food and Dining,Restaurant
04/10/2024,Cigarettes,12.5,D,Cigarettes,Cigarettes
04/10/2024,Pain au chocolat,1.4,D,Food and Dining,Snack/Fast Food
05/10/2024,AMEX - 2024-10-05 - Gaia Café,8,D,Food and Dining,Coffee Shops
05/10/2024,AMEX - 2024-10-05 - R2 Training,179,D,Health and Fitness,Gym
05/10/2024,Book Wellness,16.4,D,Entertainment,Books
05/10/2024,Cigarettes,12.5,D,Cigarettes,Cigarettes
05/10/2024,Drinks Place d'Aligre with Aurélie,5.5,D,Entertainment,Bars
06/10/2024,Breizh Café with Aurélie,29.5,D,Food and Dining,Restaurant
06/10/2024,Cigarettes,12.5,D,Cigarettes,Cigarettes
07/10/2024,Chemise Vinted RL,45.38,D,Shopping,Clothing
07/10/2024,Hairdresser,25,D,Personal Care,Hair
07/10/2024,MacroFactor subscription,13.99,D,Health and Fitness,Other
08/10/2024,Cigarettes,12.5,D,Cigarettes,Cigarettes
08/10/2024,MS personal care,150,D,Personal Care,Other
08/10/2024,Pain au chocolat,1.5,D,Food and Dining,Snack/Fast Food
09/10/2024,Charity,2,D,Gifts and Donations,Donations
09/10/2024,Intermarché groceries,31.8,D,Food and Dining,Groceries
10/10/2024,Cigarettes,12.5,D,Cigarettes,Cigarettes
10/10/2024,Deliveroo fees,3.29,D,Food and Dining,Food Delivery
10/10/2024,Drinks with Aurélie,34,D,Entertainment,Bars
11/10/2024,Cigarettes,12.5,D,Cigarettes,Cigarettes
11/10/2024,Trousers tailoring,30,D,Shopping,Clothing
11/10/2024,Wall adhesive both sides,7.72,D,Household and Utilities,Other
12/10/2024,Drinks with Aurélie at Chalet des Îles,24,D,Entertainment,Bars
13/10/2024,Carrefour City groceries,6.54,D,Food and Dining,Groceries
13/10/2024,Croissant,2.5,D,Food and Dining,Snack/Fast Food
13/10/2024,Drinks with Aurélie at Rosa Bonheur de l'Est,14,D,Entertainment,Bars
14/10/2024,Cigarettes,12.5,D,Cigarettes,Cigarettes
14/10/2024,Efoil Le Touquet,100,D,Gifts and Donations,Gifts
14/10/2024,HelloFresh,48.94,D,Food and Dining,Groceries
14/10/2024,Vinted shopping,183.59,D,Shopping,Clothing
15/10/2024,Velib monthly fees,8,D,Travel,Bikesharing
16/10/2024,Cigarettes,12.5,D,Cigarettes,Cigarettes
17/10/2024,Beeminder fine,4.63,D,Health and Fitness,Other
17/10/2024,Cigarettes,12.5,D,Cigarettes,Cigarettes
18/10/2024,EDF subscription,75.19,D,Household and Utilities,Electricity/Gas
20/10/2024,Café L'Impasse,9.8,D,Food and Dining,Coffee Shops
21/10/2024,Cigarettes,12.5,D,Cigarettes,Cigarettes
22/10/2024,Beeminder fine,4.64,D,Health and Fitness,Other
22/10/2024,Café Nuances,7.5,D,Food and Dining,Coffee Shops
22/10/2024,Drinks with Aurélie at Place d'Aligre,14.5,D,Entertainment,Bars
22/10/2024,Durum,11,D,Food and Dining,Snack/Fast Food
23/10/2024,Cigarettes,12.5,D,Cigarettes,Cigarettes
23/10/2024,Fisherman's Friend,2,D,Food and Dining,Snack/Fast Food
24/10/2024,Deliveroo fees,2.1,D,Food and Dining,Office Lunch
24/10/2024,Hairdresser,12,D,Personal Care,Hair
25/10/2024,Cigarettes,12.5,D,Cigarettes,Cigarettes
25/10/2024,Deliveroo fees,2.22,D,Food and Dining,Office Lunch
25/10/2024,Drinks with Aurélie,13,D,Entertainment,Bars
25/10/2024,Pain au chocolat,1.3,D,Food and Dining,Snack/Fast Food
25/10/2024,Red by SFR,23.1,D,Household and Utilities,Mobile Phone
25/10/2024,Tax residual 2023,236,D,TaxesFeesCharges,Other
26/10/2024,Boulangerie,3.3,D,Food and Dining,Snack/Fast Food
26/10/2024,Cigarettes,12.5,D,Cigarettes,Cigarettes
26/10/2024,Empanadas,38,D,Food and Dining,Restaurant
26/10/2024,Snack Carrefour City,7.6,D,Food and Dining,Snack/Fast Food
26/10/2024,Therapist,120,D,Health and Fitness,Doctor
27/10/2024,Beeminder fine,4.71,D,Health and Fitness,Other
27/10/2024,Café Bois le roi,2,D,Food and Dining,Coffee Shops
27/10/2024,Café Gaia Vincennes with Aurélie,8,D,Food and Dining,Coffee Shops
27/10/2024,Restaurant Barbizon,64,D,Food and Dining,Restaurant
28/10/2024,Bagnard,17,D,Food and Dining,Office Lunch
28/10/2024,HelloFresh,48.94,D,Food and Dining,Groceries
26/11/2024,Vinted sales,20,C,Income,Other
29/10/2024,Cigarettes,12.5,D,Cigarettes,Cigarettes
10/12/2024,Vinted sales,30,C,Income,Other
30/10/2024,Franprix groceries,18.35,D,Food and Dining,Groceries
30/10/2024,Unaccounted expenses,80,D,Other,Other
31/10/2024,Cigarettes,12.5,D,Cigarettes,Cigarettes
31/10/2024,Deliveroo fees,2.25,D,Food and Dining,Office Lunch
31/10/2024,Melt Batignolles with Julien,38.75,D,Food and Dining,Restaurant
01/11/2024,AMEX - 2024-10-10 - Vacuum bags,11.9,D,Household and Utilities,Home maintenance and repair
01/11/2024,AMEX - 2024-10-12 - IKEA,23.88,D,Household and Utilities,Furniture
01/11/2024,AMEX - 2024-10-12 - Restaurant Piccolo,90,D,Food and Dining,Restaurant
01/11/2024,AMEX - 2024-10-16 - Deliveroo Gourou,22.37,D,Food and Dining,Food Delivery
01/11/2024,AMEX - 2024-10-18 - Deliveroo Popelini,53.49,D,Food and Dining,Food Delivery
01/11/2024,AMEX - 2024-10-20 - AMEX subscription,15,D,TaxesFeesCharges,Credit Card Fee
01/11/2024,AMEX - 2024-11-03 - SNCF Carte Avantage,49,D,Travel,Train
01/11/2024,AMEX - 2024-11-05 - R2 Training,179,D,Health and Fitness,Gym
01/11/2024,Leroy Merlin,6.4,D,Household and Utilities,Home maintenance and repair
01/11/2024,Parts for bi-fold door SWISSCO,34.36,D,Household and Utilities,Home maintenance and repair
01/11/2024,Refund The Bradery,93.9,C,Income,Returned Purchase
02/11/2024,Beeminder fine,4.63,D,Health and Fitness,Other
02/11/2024,Boulangerie,1.3,D,Food and Dining,Snack/Fast Food
02/11/2024,Cigarettes,12.5,D,Cigarettes,Cigarettes
02/11/2024,Drinks La Bellevilloise with Aurélie,21,D,Entertainment,Bars
02/11/2024,Navigo Nov'24,86.4,D,Travel,Transport Card
04/11/2024,Carrefour City groceries,12.57,D,Food and Dining,Groceries
04/11/2024,Cigarettes,12.5,D,Cigarettes,Cigarettes
04/11/2024,HelloFresh,48.94,D,Food and Dining,Groceries
05/11/2024,Cigarettes,12.5,D,Cigarettes,Cigarettes
05/11/2024,MacroFactor subscription,13.99,D,Health and Fitness,Other
06/11/2024,111 Cap wage,4752.65,C,Income,Wages
06/11/2024,Rent Citeaux,1280,D,Household and Utilities,Rent/Mortgage payment
07/11/2024,Cigarettes,12.5,D,Cigarettes,Cigarettes
08/11/2024,Café Nuances,4.54,D,Food and Dining,Coffee Shops
08/11/2024,Cigarettes,12.5,D,Cigarettes,Cigarettes
08/11/2024,Deliveroo fees,2.56,D,Food and Dining,Office Lunch
08/11/2024,Office lunch - Little Panda (no swile),9,D,Food and Dining,Office Lunch
08/11/2024,Vinted purchases polo sunspel,102.82,D,Shopping,Clothing
09/11/2024,Boulangerie,3.8,D,Food and Dining,Snack/Fast Food
09/11/2024,Carrefour City groceries,15.2,D,Food and Dining,Groceries
09/11/2024,Cigarettes,12,D,Cigarettes,Cigarettes
09/11/2024,Drinks Vincennes with Aurélie,31.4,D,Entertainment,Bars
09/11/2024,Therapist,120,D,Health and Fitness,Doctor
10/11/2024,Cigarettes,12.5,D,Cigarettes,Cigarettes
10/11/2024,Durum Saint Antoine,9,D,Food and Dining,Snack/Fast Food
10/11/2024,HelloFresh,54.92,D,Food and Dining,Groceries
10/11/2024,Popelini for Justine,17,D,Food and Dining,Groceries
11/11/2024,Beeminder fine,4.69,D,Health and Fitness,Other
12/11/2024,Cigarettes,12.5,D,Cigarettes,Cigarettes
12/11/2024,Vinted boost,2.88,D,Shopping,Other
12/11/2024,Vinted boost,4.73,D,Shopping,Other
13/11/2024,Cigarettes,12.5,D,Cigarettes,Cigarettes
13/11/2024,Deliveroo fees,2.15,D,Food and Dining,Office Lunch
13/11/2024,Resistance band,23.9,D,Shopping,Sporting Goods
14/11/2024,Boursobank fees,9,D,TaxesFeesCharges,Bank Fee
14/11/2024,Drinks with Glenn Denfert,11,D,Entertainment,Bars
14/11/2024,Drinks with Glenn Denfert,13,D,Entertainment,Bars
14/11/2024,McDonald's,17.25,D,Food and Dining,Snack/Fast Food
14/11/2024,MS personal care,150,D,Personal Care,Other
09/01/2025,Vinted sales,85,C,Income,Other
15/11/2024,Boulangerie,1.3,D,Food and Dining,Snack/Fast Food
15/11/2024,Cigarettes,12.7,D,Cigarettes,Cigarettes
15/11/2024,Leroy-Merlin super glue for entrance door,10,D,Household and Utilities,Home maintenance and repair
15/11/2024,Velib monthly fees,2,D,Travel,Bikesharing
16/11/2024,Cigarettes,12,D,Cigarettes,Cigarettes
16/11/2024,Drinks Aux Fourreurs,14.5,D,Entertainment,Bars
16/11/2024,Drinks with Aurélie Père Lachaise,17,D,Entertainment,Bars
16/11/2024,Pizza Chez Antoine,21,D,Food and Dining,Snack/Fast Food
17/11/2024,Café Gaia Vincennes with Aurélie,8.5,D,Food and Dining,Coffee Shops
17/11/2024,Cigarettes,12.25,D,Cigarettes,Cigarettes
17/11/2024,Cinéma Le Vincennes,18,D,Entertainment,Cinema
18/11/2024,EDF subscription,75.19,D,Household and Utilities,Electricity/Gas
18/11/2024,Intermarché groceries,7.29,D,Food and Dining,Groceries
18/11/2024,Uniqlo Down Parka,139.9,D,Shopping,Clothing
19/11/2024,Boulangerie Vincennes,8.2,D,Food and Dining,Groceries
19/11/2024,Cigarettes,12.5,D,Cigarettes,Cigarettes
19/11/2024,Euromillions,7.6,D,Entertainment,Other
19/11/2024,Fisherman's Friend,2,D,Food and Dining,Snack/Fast Food
19/11/2024,Huile de ricin,7.9,D,Personal Care,Hair
20/11/2024,Deliveroo fees,1.56,D,Food and Dining,Office Lunch
21/11/2024,Cigarettes,12.5,D,Cigarettes,Cigarettes
22/11/2024,Cigarettes,12.5,D,Cigarettes,Cigarettes
22/11/2024,Drinks with Aurélie Trianon,19,D,Entertainment,Bars
23/11/2024,Café ,1.4,D,Food and Dining,Coffee Shops
23/11/2024,Café Gaia Vincennes with Aurélie,8,D,Food and Dining,Coffee Shops
23/11/2024,Musée de la guerre,15,D,Entertainment,Arts
23/11/2024,Pain au chocolat,1.3,D,Food and Dining,Snack/Fast Food
23/11/2024,Therapist,120,D,Health and Fitness,Doctor
24/11/2024,Cigarettes,12.5,D,Cigarettes,Cigarettes
24/11/2024,La Haine Musicale,111.65,D,Entertainment,Concerts
25/11/2024,Baguette,1.3,D,Food and Dining,Groceries
25/11/2024,Deliveroo office lunch,15.6,D,Food and Dining,Office Lunch
25/11/2024,Drinks Vincennes with Aurélie,7.5,D,Entertainment,Bars
25/11/2024,Horace hair conditioner,14.9,D,Personal Care,Hair
25/11/2024,Monoprix groceries,20.85,D,Food and Dining,Groceries
25/11/2024,Tax residual 2023,236,D,TaxesFeesCharges,Other
26/11/2024,Cigarettes,12.5,D,Cigarettes,Cigarettes
26/11/2024,Red by SFR,17.98,D,Household and Utilities,Mobile Phone
22/08/2024,Virement Aurelie,227,C,Income,Other
27/11/2024,Cigarettes,12.5,D,Cigarettes,Cigarettes
28/11/2024,Deliveroo fees,1.55,D,Food and Dining,Office Lunch
28/11/2024,Franprix groceries,13.24,D,Food and Dining,Groceries
29/11/2024,Cigarettes,12.5,D,Cigarettes,Cigarettes
29/11/2024,Deliveroo fees,1.6,D,Food and Dining,Office Lunch
30/11/2024,Boulangerie,3.7,D,Food and Dining,Snack/Fast Food
30/11/2024,Cigarettes,12.5,D,Cigarettes,Cigarettes
30/11/2024,Door isolation Leroy-Merlin,28.89,D,Household and Utilities,Home maintenance and repair
30/11/2024,Extra savings from monthly balance,36.5,D,Investments,Savings
30/11/2024,Savings Livret A,1000,D,Investments,Savings
30/11/2024,Therapist,60,D,Health and Fitness,Doctor
30/11/2024,Unaccounted expenses,9.8,D,Other,Other
30/11/2024,Vinted boost,11.8,D,Shopping,Other
01/12/2024,111 Cap wage,4752.66,C,Income,Wages
01/12/2024,AMEX - 2024-11-07 - The Bradery Noyoco,142.7,D,Shopping,Clothing
01/12/2024,AMEX - 2024-11-14 - Popelini Deliveroo,53.49,D,Gifts and Donations,Gifts
01/12/2024,AMEX - 2024-11-17 - Taskrabbit,52.31,D,Household and Utilities,Home maintenance and repair
01/12/2024,AMEX - 2024-11-18 - Hair brush Amazon,15.99,D,Shopping,Other
01/12/2024,AMEX - 2024-11-20 - AMEX subscription,15,D,TaxesFeesCharges,Credit Card Fee
01/12/2024,AMEX - 2024-11-22 - Dott ride,8.2,D,Travel,Bikesharing
01/12/2024,AMEX - 2024-11-25 - Paul Smith Scarf,105,D,Gifts and Donations,Gifts
01/12/2024,AMEX - 2024-11-28 - Efoil Le Touquet,140,D,Gifts and Donations,Gifts
01/12/2024,AMEX - 2024-12-01 - Bonsoirs pillowcases,59.9,D,Household and Utilities,Furniture
01/12/2024,AMEX - 2024-12-03 - Box apéro,47.25,D,Gifts and Donations,Gifts
01/12/2024,AMEX - 2024-12-03 - Happy Socks,29.99,D,Gifts and Donations,Gifts
01/12/2024,AMEX - 2024-12-05 - Café Gaia,8,D,Food and Dining,Coffee Shops
01/12/2024,AMEX - 2024-12-05 - R2 Training,179,D,Health and Fitness,Gym
01/12/2024,Cigarettes,12.5,D,Cigarettes,Cigarettes
01/12/2024,Hairdresser,12,D,Personal Care,Hair
01/12/2024,Navigo Dec'24,86.4,D,Travel,Transport Card
01/12/2024,Overdraft fees,0.01,D,TaxesFeesCharges,Bank Fee
01/12/2024,Sweets,2.6,D,Food and Dining,Snack/Fast Food
02/12/2024,Carrefour City groceries,8.65,D,Food and Dining,Groceries
02/12/2024,Cigarettes,12.5,D,Cigarettes,Cigarettes
02/12/2024,Livre Patrice Jean cadeau Flo,12.9,D,Gifts and Donations,Gifts
03/12/2024,Baguette + pain au chocolat,2.6,D,Food and Dining,Groceries
03/12/2024,Carrefour City groceries,4.1,D,Food and Dining,Groceries
03/12/2024,Deliveroo fees,3.28,D,Food and Dining,Office Lunch
03/12/2024,Rent Citeaux,1280,D,Household and Utilities,Rent/Mortgage payment
03/12/2024,Shaving gel,11.9,D,Personal Care,Other
04/12/2024,Cigarettes,12.5,D,Cigarettes,Cigarettes
05/12/2024,MacroFactor subscription,13.99,D,Health and Fitness,Other
06/12/2024,Café Rue Commines,5.5,D,Food and Dining,Coffee Shops
06/12/2024,Chaussures Pied de Biche,70,D,Shopping,Clothing
06/12/2024,Pastries Vincennes,2.7,D,Food and Dining,Snack/Fast Food
07/12/2024,Baguettes,2,D,Food and Dining,Groceries
07/12/2024,Beeminder fine,4.8,D,Health and Fitness,Other
07/12/2024,Carrefour City groceries,11.52,D,Food and Dining,Groceries
07/12/2024,Cigarettes,12.5,D,Cigarettes,Cigarettes
07/12/2024,Drinks Filles du Calvaire with Aurélie,18.5,D,Entertainment,Bars
07/12/2024,Lime Leroy-Merlin,3.14,D,Household and Utilities,Home maintenance and repair
07/12/2024,Pain au chocolat,1.5,D,Food and Dining,Snack/Fast Food
08/12/2024,Brosse bas de porte Leroy-Merlin,8.99,D,Household and Utilities,Home maintenance and repair
08/12/2024,Cigarettes,12.5,D,Cigarettes,Cigarettes
08/12/2024,Deliveroo - Pizza Chez Antoine,19.39,D,Food and Dining,Food Delivery
09/12/2024,Café Nuances + pain au chocolat,7.5,D,Food and Dining,Coffee Shops
09/12/2024,Franprix groceries,31.11,D,Food and Dining,Groceries
09/12/2024,HelloFresh,48.94,D,Food and Dining,Groceries
10/12/2024,Beeminder fine,4.76,D,Health and Fitness,Other
10/12/2024,Café with mum,5.8,D,Food and Dining,Coffee Shops
10/12/2024,Cigarettes,12.5,D,Cigarettes,Cigarettes
10/12/2024,Restaurant with Florent & Henri,83,D,Food and Dining,Restaurant
10/12/2024,Reveri subscription,57.36,D,Health and Fitness,Other
22/08/2024,Virement Aurelie,260,C,Income,Other
11/12/2024,Cigarettes,12.5,D,Cigarettes,Cigarettes
12/12/2024,Cigarettes,12.5,D,Cigarettes,Cigarettes
12/12/2024,Drinks with Aurélie,14,D,Entertainment,Bars
12/12/2024,Papier cuisson Intemarché,1.06,D,Food and Dining,Groceries
14/12/2024,Café + Pain au chocolat,2.6,D,Food and Dining,Snack/Fast Food
14/12/2024,Dinner with Aurélie ,92,D,Food and Dining,Restaurant
14/12/2024,Drinks with Aurélie,23.5,D,Entertainment,Bars
14/12/2024,Tape,1.49,D,Household and Utilities,Other
14/12/2024,Therapist,120,D,Health and Fitness,Doctor
15/12/2024,Cigarettes,12.5,D,Cigarettes,Cigarettes
15/12/2024,Lebara phone plan,5,D,Household and Utilities,Mobile Phone
15/12/2024,McDonald's,11.95,D,Food and Dining,Snack/Fast Food
15/12/2024,Velib monthly fees,2,D,Travel,Bikesharing
16/12/2024,Cigarettes,12.5,D,Cigarettes,Cigarettes
16/12/2024,Deliveroo fees,3.38,D,Food and Dining,Food Delivery
17/12/2024,Deliveroo fees,2.15,D,Food and Dining,Food Delivery
16/12/2024,Drinks with Alexandre,6.5,D,Entertainment,Bars
16/12/2024,Drinks with Alexandre,13,D,Entertainment,Bars
16/12/2024,Kinder Bueno,1.5,D,Food and Dining,Snack/Fast Food
18/12/2024,EDF subscription,75.19,D,Household and Utilities,Electricity/Gas
19/12/2024,Cigarettes,12.5,D,Cigarettes,Cigarettes
19/12/2024,Savings Livret A,1202.26,D,Investments,Savings
20/12/2024,Baguette,1.2,D,Food and Dining,Groceries
20/12/2024,Boursobank fees,9,D,TaxesFeesCharges,Bank Fee
20/12/2024,Deliveroo fees,1.84,D,Food and Dining,Office Lunch
21/12/2024,Café + Pain au chocolat,3.9,D,Food and Dining,Snack/Fast Food
21/12/2024,Cigarettes,12.5,D,Cigarettes,Cigarettes
21/12/2024,Drinks with Aurélie,12,D,Entertainment,Bars
21/12/2024,Durum,11,D,Food and Dining,Snack/Fast Food
21/12/2024,Popelini,49,D,Gifts and Donations,Gifts
21/12/2024,Therapist,60,D,Health and Fitness,Doctor
22/12/2024,Uber Citeaux -> Gare du Nord,13.98,D,Travel,Taxi
23/12/2024,Beeminder fine,4.82,D,Health and Fitness,Other
23/12/2024,Cigarettes,12.5,D,Cigarettes,Cigarettes
23/12/2024,HelloFresh,42.95,D,Food and Dining,Groceries
23/12/2024,Toothbrush,4.41,D,Health and Fitness,Pharmacy
25/12/2024,Cigarettes,12.5,D,Cigarettes,Cigarettes
25/12/2024,Deliveroo - KFC,3.76,D,Food and Dining,Food Delivery
26/12/2024,Beeminder fine,4.85,D,Health and Fitness,Other
26/12/2024,Cigarettes,12.5,D,Cigarettes,Cigarettes
27/12/2024,Hair surgeon appointment,100,D,Health and Fitness,Doctor
27/12/2024,Tax residual 2023,236,D,TaxesFeesCharges,Other
28/12/2024,Cigarettes,12.5,D,Cigarettes,Cigarettes
28/12/2024,Subscription UFC-Que Choisir,6.99,D,Health and Fitness,Pharmacy
29/12/2024,Cigarettes,12.5,D,Cigarettes,Cigarettes
29/12/2024,Crêpe ,3.5,D,Food and Dining,Snack/Fast Food
30/12/2024,Café Nuances + pain au chocolat,7.5,D,Food and Dining,Coffee Shops
30/12/2024,Deliveroo fees,2.22,D,Food and Dining,Office Lunch
30/12/2024,Red by SFR,17.98,D,Household and Utilities,Mobile Phone
31/12/2024,Cigarettes,12.5,D,Cigarettes,Cigarettes
31/12/2024,Livret A interest payment,353.08,C,Income,Investment
31/12/2024,Unaccounted expenses,54.49,D,Other,Other
01/01/2025,111 Cap wage,4752.65,C,Income,Wages
01/01/2025,AMEX - 2024-12-14 - Sandisk external drive,145.98,D,Shopping,Electronics
01/01/2025,AMEX - 2024-12-17 - Flights Paris - Dakhla,508,D,Travel,Air Travel
01/01/2025,AMEX - 2024-12-20 - AMEX subscription,15,D,TaxesFeesCharges,Credit Card Fee
01/01/2025,AMEX - 2024-12-20 - Hair cosmetics for mum,33.6,D,Gifts and Donations,Gifts
01/01/2025,AMEX - 2024-12-25 - Amazon Dryer ,59.99,D,Household and Utilities,Furniture
01/01/2025,AMEX - 2024-12-28 - Toothpaste,25.5,D,Health and Fitness,Pharmacy
01/01/2025,AMEX - 2024-12-29 - Breizh Café,55.02,D,Food and Dining,Restaurant
01/01/2025,AMEX - 2024-12-29 - Hair cosmetics for mum,33.6,D,Gifts and Donations,Gifts
01/01/2025,AMEX - 2024-12-30 - Bradery NN07,101.75,D,Shopping,Clothing
01/01/2025,AMEX - 2024-12-30 - Franprix groceries,8.05,D,Food and Dining,Groceries
01/01/2025,AMEX - 2024-12-30 - Frog Hop House,13,D,Entertainment,Bars
01/01/2025,AMEX - 2024-12-31 - Amazon Wool Laundry,13.44,D,Household and Utilities,Home maintenance and repair
01/01/2025,AMEX - 2025-01-04 - Café Gaia,8,D,Food and Dining,Coffee Shops
01/01/2025,AMEX - 2025-01-05 - R2 Training,179,D,Health and Fitness,Gym
01/01/2025,Café Bistrot,8.2,D,Food and Dining,Coffee Shops
01/01/2025,Cigarettes,13,D,Cigarettes,Cigarettes
01/01/2025,Kevin calisthenics class,40,D,Health and Fitness,Gym
01/01/2025,Navigo Jan'25,88.8,D,Travel,Transport Card
01/01/2025,Savings Livret A,300,D,Investments,Savings
01/01/2025,Tea Paris Mosque,4,D,Food and Dining,Coffee Shops
02/01/2025,Baguette,1.3,D,Food and Dining,Groceries
02/01/2025,Beeminder fine,4.86,D,Health and Fitness,Other
02/01/2025,Café Nuances,4.5,D,Food and Dining,Coffee Shops
02/01/2025,Pain au chocolat,1.6,D,Food and Dining,Snack/Fast Food
02/01/2025,Rent Citeaux,1330,D,Household and Utilities,Rent/Mortgage payment
02/01/2025,Sweater drying rack + clothes covers,31.98,D,Household and Utilities,Furniture
03/01/2025,Café,1.5,D,Food and Dining,Coffee Shops
03/01/2025,ChatGPT credits,5.86,D,Education,Other
03/01/2025,Cigarettes,13,D,Cigarettes,Cigarettes
03/01/2025,Drinks with Aurélie,10,D,Entertainment,Bars
03/01/2025,Fisherman's Friend,2,D,Food and Dining,Snack/Fast Food
03/01/2025,MacroFactor subscription,13.99,D,Health and Fitness,Other
03/01/2025,Matches,0.3,D,Other,Other
04/01/2025,Beeminder fine,4.92,D,Health and Fitness,Other
04/01/2025,Café Vincennes with Aurélie,6,D,Food and Dining,Coffee Shops
04/01/2025,Cigarettes,13,D,Cigarettes,Cigarettes
04/01/2025,Galette with Arnaud,33,D,Gifts and Donations,Gifts
04/01/2025,Hairdresser,12,D,Personal Care,Hair
04/01/2025,Pharmacy,8.99,D,Health and Fitness,Pharmacy
05/01/2025,Beeminder fine,4.92,D,Health and Fitness,Other
05/01/2025,Cigarettes,13,D,Cigarettes,Cigarettes
05/01/2025,McDonald's,16,D,Food and Dining,Snack/Fast Food
05/01/2025,Medias IR,11.99,D,Entertainment,Other
05/01/2025,Plug extender,3.59,D,Household and Utilities,Home maintenance and repair
05/01/2025,Sweets,1.5,D,Food and Dining,Snack/Fast Food
06/01/2025,Baguette,1.1,D,Food and Dining,Groceries
06/01/2025,Café Nuances,4.5,D,Food and Dining,Coffee Shops
06/01/2025,Cigarettes,13,D,Cigarettes,Cigarettes
06/01/2025,Pain au chocolat,3,D,Food and Dining,Snack/Fast Food
07/01/2025,Franprix groceries,14.74,D,Food and Dining,Groceries
08/01/2025,Beeminder fine,9.72,D,Health and Fitness,Other
08/01/2025,Cigarettes,13,D,Cigarettes,Cigarettes
08/01/2025,Ibuprofen,5,D,Health and Fitness,Pharmacy
08/01/2025,MS personal care,200,D,Personal Care,Other
09/01/2025,Baguette,1.25,D,Food and Dining,Groceries
09/01/2025,Carrefour City groceries,2.11,D,Food and Dining,Groceries
09/01/2025,Cigarettes,13,D,Cigarettes,Cigarettes
09/01/2025,Pain au chocolat,1.3,D,Food and Dining,Snack/Fast Food
09/01/2025,Sunscreen,14.5,D,Entertainment,Holiday
08/08/2024,Virement maman vol transavia Valence,361,C,Income,Other
11/01/2025,Transavia checked bagage supplement,3,D,Travel,Air Travel
13/01/2025,Cash withdrawal Dakhla,412.3,D,Entertainment,Holiday
14/01/2025,Velib monthly fees,4,D,Travel,Bikesharing
15/01/2025,Lebara phone plan,5.96,D,Household and Utilities,Mobile Phone
16/01/2025,Beeminder fine,4.88,D,Health and Fitness,Other
18/01/2025,Café + Pain au chocolat,3.3,D,Food and Dining,Snack/Fast Food
18/01/2025,Cigarettes,13,D,Cigarettes,Cigarettes
18/01/2025,Therapist,60,D,Health and Fitness,Doctor
19/01/2025,Balance settlement Dakhla expenses Aurélie,100,D,Entertainment,Holiday
20/01/2025,Cigarettes,13,D,Cigarettes,Cigarettes
20/01/2025,EDF subscription,75.19,D,Household and Utilities,Electricity/Gas
20/01/2025,HelloFresh,48.94,D,Food and Dining,Groceries
20/01/2025,Restaurant Villa Dakhla,51.53,D,Entertainment,Holiday
20/01/2025,Vinted boost,4.33,D,Shopping,Other
20/01/2025,Wingfoil lessons Dakhla,245.87,D,Entertainment,Holiday
22/01/2025,Baguette,1.2,D,Food and Dining,Groceries
22/01/2025,Carrefour City groceries,17.45,D,Food and Dining,Groceries
22/01/2025,Cigarettes,13,D,Cigarettes,Cigarettes
24/01/2025,Relay Gare de Lyon bonbons eau,5.2,D,Food and Dining,Snack/Fast Food
25/01/2025,Bar babyfoot Val d'Isère,17.6,D,Entertainment,Bars
25/01/2025,Beer Val d'Isère Folie Douce,8,D,Entertainment,Bars
25/01/2025,Cigarettes,13,D,Cigarettes,Cigarettes
26/01/2025,Boulangerie Val d'Isère sandwich,15.7,D,Food and Dining,Snack/Fast Food
26/01/2025,Cigarettes,13,D,Cigarettes,Cigarettes
26/01/2025,Crêpe + Café Val d'Isère,8.2,D,Food and Dining,Snack/Fast Food
26/01/2025,Relay Bourg St Maurice bonbons eau,5.4,D,Food and Dining,Snack/Fast Food
27/01/2025,Baguette,1.2,D,Food and Dining,Groceries
27/01/2025,Beeminder fine,4.81,D,Health and Fitness,Other
27/01/2025,Cigarettes,13,D,Cigarettes,Cigarettes
27/01/2025,HelloFresh,48.94,D,Food and Dining,Groceries
27/01/2025,Red by SFR,19.17,D,Household and Utilities,Mobile Phone
29/01/2025,Beeminder fine,9.64,D,Health and Fitness,Other
29/01/2025,Cigarettes,13,D,Cigarettes,Cigarettes
29/01/2025,Pain au chocolat,1.5,D,Food and Dining,Snack/Fast Food
30/01/2025,Cigarettes,13,D,Cigarettes,Cigarettes
31/01/2025,Drinks Barracuda with Aurélie,10,D,Entertainment,Bars
31/01/2025,Extra savings from monthly balance,16.81,D,Investments,Savings
31/01/2025,Unaccounted expenses,23.58,D,Other,Other
01/02/2025,111 Cap wage,5013.33,C,Income,Wages
01/02/2025,AMEX - 2024-01-07 - Amazon Homeasy,43.22,D,Household and Utilities,Home maintenance and repair
01/02/2025,AMEX - 2025-01-10 - Transavia checked luggage,60,D,Travel,Air Travel
01/02/2025,AMEX - 2025-01-17 - Deliveroo Chez Antoine,30.29,D,Food and Dining,Food Delivery
01/02/2025,AMEX - 2025-01-18 - Café Gaia,8,D,Food and Dining,Coffee Shops
01/02/2025,AMEX - 2025-01-19 - PRP,200,D,Personal Care,Hair
01/02/2025,AMEX - 2025-01-20 - AMEX subscription,15,D,TaxesFeesCharges,Credit Card Fee
01/02/2025,AMEX - 2025-01-21 - Padel chat Ciné,70,D,Health and Fitness,Sports
01/02/2025,AMEX - 2025-01-26 - Intersport Ski,64.5,D,Health and Fitness,Sports
01/02/2025,AMEX - 2025-01-29 - dishwasher + moth traps,29.98,D,Household and Utilities,Home maintenance and repair
01/02/2025,AMEX - 2025-01-30 - restaurant with Flo Nous 4,100,D,Food and Dining,Restaurant
01/02/2025,AMEX - 2025-02-05 - R2 Training,179,D,Health and Fitness,Gym
01/02/2025,Beeminder fine,9.8,D,Health and Fitness,Other
01/02/2025,Café + Pain au chocolat,2.6,D,Food and Dining,Snack/Fast Food
01/02/2025,Charity homeless man,0.5,D,Gifts and Donations,Donations
01/02/2025,Cigarettes,13,D,Cigarettes,Cigarettes
01/02/2025,Navigo Feb'25,88.8,D,Travel,Transport Card
01/02/2025,Therapist,60,D,Health and Fitness,Doctor
02/02/2025,Café Gaia Vincennes with Aurélie,8,D,Food and Dining,Coffee Shops
02/02/2025,Cigarettes,13,D,Cigarettes,Cigarettes
02/02/2025,Drinks with Arnaud ,8,D,Entertainment,Bars
02/02/2025,Opthalmologist 15/20,20.2,D,Health and Fitness,Doctor
02/02/2025,Opthalmologist 15/20,-20.2,D,Health and Fitness,Doctor
02/02/2025,Restaurant with Arnaud,38,D,Food and Dining,Restaurant
03/02/2025,Carrefour City groceries,7.14,D,Food and Dining,Groceries
04/02/2025,Cigarettes,13,D,Cigarettes,Cigarettes
04/02/2025,Fisherman's Friend,2.7,D,Food and Dining,Snack/Fast Food
05/02/2025,Café Nuances,4.5,D,Food and Dining,Coffee Shops
05/02/2025,MacroFactor subscription,13.99,D,Health and Fitness,Other
05/02/2025,Rent Citeaux,1330,D,Household and Utilities,Rent/Mortgage payment
05/02/2025,Savings Livret A,900,D,Investments,Savings
06/02/2025,Cigarettes,13,D,Cigarettes,Cigarettes
07/02/2025,Bottled Beers with Aurélie,6.1,D,Food and Dining,Groceries
07/02/2025,Cat litter for Aurélie,7.3,D,Gifts and Donations,Gifts
07/02/2025,Cigarettes,13,D,Cigarettes,Cigarettes
07/02/2025,Opthalmologist Opéra,100,D,Health and Fitness,Doctor
08/02/2025,Beeminder fine,4.91,D,Health and Fitness,Other
08/02/2025,Café + Pain au chocolat,3.3,D,Food and Dining,Snack/Fast Food
08/02/2025,Cigarettes,13,D,Cigarettes,Cigarettes
08/02/2025,Hairdresser,12,D,Personal Care,Hair
08/02/2025,Hydrating cream La Rosée for Aurélie,17.9,D,Gifts and Donations,Gifts
08/02/2025,Monoprix groceries,7.19,D,Food and Dining,Groceries
08/02/2025,Monoprix groceries,2.68,D,Food and Dining,Groceries
08/02/2025,Therapist,60,D,Health and Fitness,Doctor
08/02/2025,Venus razors for Aurélie,11.5,D,Gifts and Donations,Gifts
09/02/2025,Cigarettes,13,D,Cigarettes,Cigarettes
09/02/2025,Franprix groceries,12.85,D,Food and Dining,Groceries
10/02/2025,Anker charger,12.59,D,Shopping,Electronics
10/02/2025,Baguette,1.3,D,Food and Dining,Groceries
10/02/2025,Beeminder fine,4.87,D,Health and Fitness,Other
10/02/2025,Cigarettes,13,D,Cigarettes,Cigarettes
10/02/2025,HelloFresh,48.94,D,Food and Dining,Groceries
10/02/2025,Monoprix groceries,7.86,D,Food and Dining,Groceries
11/02/2025,Opthalmologist Opéra Alan Refund,-72.37,D,Health and Fitness,Doctor
11/02/2025,Toothpaste press,21.97,D,Household and Utilities,Other
12/02/2025,Café Nuances with Symeon,9,D,Food and Dining,Coffee Shops
12/02/2025,Carrefour City groceries,11.44,D,Food and Dining,Groceries
12/02/2025,Cigarettes,13,D,Cigarettes,Cigarettes
13/02/2025,Beers Salle Pleyel,13,D,Entertainment,Bars
13/02/2025,Cigarettes,13,D,Cigarettes,Cigarettes
13/02/2025,Cloakroom Salle Pleyel,3,D,Entertainment,Concerts
14/02/2025,Bouquet Saint-Valentin,73.4,D,Gifts and Donations,Gifts
14/02/2025,Boursobank fees,9,D,TaxesFeesCharges,Bank Fee
14/02/2025,Lebara phone plan,6.04,D,Household and Utilities,Mobile Phone
14/02/2025,Pain au chocolat,1.3,D,Food and Dining,Snack/Fast Food
15/02/2025,Boulangerie Vincennes lunch,9,D,Food and Dining,Snack/Fast Food
15/02/2025,Café + Pain au chocolat,3.3,D,Food and Dining,Snack/Fast Food
15/02/2025,Carrefour City groceries,3.96,D,Food and Dining,Groceries
15/02/2025,Cigarettes,13,D,Cigarettes,Cigarettes
15/02/2025,Gift concierge,50,D,Gifts and Donations,Gifts
15/02/2025,Therapist,60,D,Health and Fitness,Doctor
16/02/2025,Cigarettes,13,D,Cigarettes,Cigarettes
16/02/2025,Restaurant Laos with Florent,25.3,D,Food and Dining,Restaurant
17/02/2025,Beeminder fine,4.8,D,Health and Fitness,Other
17/02/2025,HelloFresh,48.94,D,Food and Dining,Groceries
18/02/2025,Cigarettes,13,D,Cigarettes,Cigarettes
18/02/2025,Deliveroo McDonald's,16.63,D,Food and Dining,Food Delivery
18/02/2025,EDF subscription,75.19,D,Household and Utilities,Electricity/Gas
19/02/2025,Cigarettes,13,D,Cigarettes,Cigarettes
19/02/2025,Drinks with Arnaud ,29,D,Entertainment,Bars
19/02/2025,Drinks with Aurélie,14,D,Entertainment,Bars
19/02/2025,Fisherman's Friend,2,D,Food and Dining,Snack/Fast Food
19/02/2025,Tickets T+,4,D,Travel,Transport Card
20/02/2025,Cigarettes,13,D,Cigarettes,Cigarettes
20/02/2025,Pain au chocolat,1.3,D,Food and Dining,Snack/Fast Food
21/02/2025,Cigarettes,13,D,Cigarettes,Cigarettes
21/02/2025,MS personal care,220,D,Personal Care,Other
22/02/2025,Cigarettes,13,D,Cigarettes,Cigarettes
22/02/2025,Cinéma Mk2,25.8,D,Entertainment,Cinema
22/02/2025,Hairbrush,19.98,D,Personal Care,Hair
22/02/2025,Therapist,60,D,Health and Fitness,Doctor
22/02/2025,Water bottle,3.2,D,Food and Dining,Groceries
23/02/2025,Cigarettes,13,D,Cigarettes,Cigarettes
23/02/2025,McDonald's,17.9,D,Food and Dining,Snack/Fast Food
24/02/2025,Cigarettes,13,D,Cigarettes,Cigarettes
24/02/2025,Drinks with Aurélie,9,D,Entertainment,Bars
24/02/2025,Sports doctor,50,D,Health and Fitness,Doctor
24/02/2025,Stamp for health insurance claim,1.39,D,Household and Utilities,Other
25/02/2025,Charity homeless man,2,D,Gifts and Donations,Donations
25/02/2025,Cigarettes,13,D,Cigarettes,Cigarettes
26/02/2025,Cigarettes,13,D,Cigarettes,Cigarettes
26/02/2025,Deliveroo fees,2.15,D,Food and Dining,Office Lunch
26/02/2025,Fisherman's Friend,2.2,D,Food and Dining,Snack/Fast Food
26/02/2025,Red by SFR,17.98,D,Household and Utilities,Mobile Phone
27/02/2025,Beeminder fine,14.55,D,Health and Fitness,Other
27/02/2025,Durum,19,D,Food and Dining,Snack/Fast Food
28/02/2025,Beer Frop Hop House,7,D,Entertainment,Bars
28/02/2025,Cigarettes,13,D,Cigarettes,Cigarettes
28/02/2025,Cigarettes,13,D,Cigarettes,Cigarettes
28/02/2025,Drinks Hoxton with Aurélie,25,D,Entertainment,Bars
28/02/2025,Drinks Liebe with Aurélie,10.5,D,Entertainment,Bars
28/02/2025,Office lunch - Mr Garden (swile empty),14.9,D,Food and Dining,Office Lunch
28/02/2025,Savings Livret A,150,D,Investments,Savings
28/02/2025,Unaccounted expenses,23.27,D,Other,Other
